{"cameraMode":{"drawMode":0,"name":"Shaded","section":"Shading Mode"},"sceneLighting":false,"audioPlay":false,"sceneViewState":{"showFog":true,"showMaterialUpdate":false,"showSkybox":false,"showFlares":true,"showImageEffects":true,"showParticleSystems":true},"in2DMode":false,"pivot":{"x":-8.87508773803711,"y":-0.07712924480438233,"z":-7.800589561462402},"rotation":{"x":-0.1747947782278061,"y":-0.3602835237979889,"z":0.06892164051532746,"w":-0.9137244820594788},"size":4.702200889587402,"orthographic":false}