{"cameraMode":{"drawMode":0,"name":"Shaded","section":"Shading Mode"},"sceneLighting":false,"audioPlay":false,"sceneViewState":{"showFog":true,"showMaterialUpdate":false,"showSkybox":false,"showFlares":true,"showImageEffects":true,"showParticleSystems":true},"in2DMode":false,"pivot":{"x":-4.072611331939697,"y":1.6105421781539918,"z":-10.588088035583496},"rotation":{"x":-0.01891511119902134,"y":0.9784093499183655,"z":-0.10431497544050217,"w":-0.17741414904594422},"size":9.687763214111329,"orthographic":false}