{"cameraMode":{"drawMode":0,"name":"Shaded","section":"Shading Mode"},"sceneLighting":false,"audioPlay":false,"sceneViewState":{"showFog":true,"showMaterialUpdate":false,"showSkybox":false,"showFlares":true,"showImageEffects":true,"showParticleSystems":true},"in2DMode":false,"pivot":{"x":-0.011474847793579102,"y":0.25583356618881228,"z":-0.007095277309417725},"rotation":{"x":-0.12143371999263764,"y":-0.42751026153564455,"z":0.058073531836271289,"w":-0.8939330577850342},"size":2.5820398330688478,"orthographic":false}