{"cameraMode":{"drawMode":0,"name":"Shaded","section":"Shading Mode"},"sceneLighting":false,"audioPlay":false,"sceneViewState":{"showFog":true,"showMaterialUpdate":false,"showSkybox":false,"showFlares":true,"showImageEffects":true,"showParticleSystems":true},"in2DMode":false,"pivot":{"x":0.11659097671508789,"y":1.321568489074707,"z":0.9611124992370606},"rotation":{"x":-0.12143371999263764,"y":-0.42751026153564455,"z":0.058073531836271289,"w":-0.8939330577850342},"size":9.443632125854493,"orthographic":false}