{"cameraMode":{"drawMode":0,"name":"Shaded","section":"Shading Mode"},"sceneLighting":false,"audioPlay":false,"sceneViewState":{"showFog":true,"showMaterialUpdate":false,"showSkybox":false,"showFlares":true,"showImageEffects":true,"showParticleSystems":true},"in2DMode":false,"pivot":{"x":-3.386683464050293,"y":0.29202985763549807,"z":-2.7417211532592775},"rotation":{"x":-0.25061917304992678,"y":0.2986007630825043,"z":-0.08158563077449799,"w":-0.9172630310058594},"size":15.540131568908692,"orthographic":false}