{"cameraMode":{"drawMode":0,"name":"Shaded","section":"Shading Mode"},"sceneLighting":false,"audioPlay":false,"sceneViewState":{"showFog":true,"showMaterialUpdate":false,"showSkybox":false,"showFlares":true,"showImageEffects":true,"showParticleSystems":true},"in2DMode":false,"pivot":{"x":-6.797216415405273,"y":7.99946403503418,"z":-2.041114091873169},"rotation":{"x":0.19205930829048158,"y":-0.5407007932662964,"z":0.12838537991046906,"w":0.8088715076446533},"size":22.074600219726564,"orthographic":false}