{"cameraMode":{"drawMode":0,"name":"Shaded","section":"Shading Mode"},"sceneLighting":false,"audioPlay":false,"sceneViewState":{"showFog":true,"showMaterialUpdate":false,"showSkybox":false,"showFlares":true,"showImageEffects":true,"showParticleSystems":true},"in2DMode":false,"pivot":{"x":6.046099662780762,"y":1.5317741632461548,"z":-7.231868743896484},"rotation":{"x":-0.08558481931686402,"y":-0.1730419546365738,"z":0.01509516779333353,"w":-0.9810729026794434},"size":9.834898948669434,"orthographic":false}