{"cameraMode":{"drawMode":0,"name":"Shaded","section":"Shading Mode"},"sceneLighting":false,"audioPlay":false,"sceneViewState":{"showFog":true,"showMaterialUpdate":false,"showSkybox":false,"showFlares":true,"showImageEffects":true,"showParticleSystems":true},"in2DMode":false,"pivot":{"x":0.2039499282836914,"y":9.810674667358399,"z":0.0},"rotation":{"x":-0.010407296009361744,"y":-0.9895355105400086,"z":0.0961964875459671,"w":-0.10703987628221512},"size":35.810333251953128,"orthographic":false}