{"cameraMode":{"drawMode":0,"name":"Shaded","section":"Shading Mode"},"sceneLighting":true,"audioPlay":false,"sceneViewState":{"showFog":true,"showMaterialUpdate":false,"showSkybox":true,"showFlares":true,"showImageEffects":true,"showParticleSystems":true},"in2DMode":false,"pivot":{"x":0.8309435844421387,"y":2.329413890838623,"z":-8.520358085632325},"rotation":{"x":-0.025049148127436639,"y":-0.9456554651260376,"z":0.3153854012489319,"w":-0.07510284334421158},"size":21.866619110107423,"orthographic":false}