{"cameraMode":{"drawMode":0,"name":"Shaded","section":"Shading Mode"},"sceneLighting":false,"audioPlay":false,"sceneViewState":{"showFog":true,"showMaterialUpdate":false,"showSkybox":false,"showFlares":true,"showImageEffects":true,"showParticleSystems":true},"in2DMode":false,"pivot":{"x":0.0,"y":2.359999895095825,"z":0.026000063866376878},"rotation":{"x":0.026979319751262666,"y":0.9730095267295837,"z":-0.1644318699836731,"w":0.1596459150314331},"size":4.0368781089782719,"orthographic":false}