{"cameraMode":{"drawMode":0,"name":"Shaded","section":"Shading Mode"},"sceneLighting":false,"audioPlay":false,"sceneViewState":{"showFog":false,"showMaterialUpdate":false,"showSkybox":false,"showFlares":false,"showImageEffects":false,"showParticleSystems":false},"in2DMode":false,"pivot":{"x":122.48615264892578,"y":49.9085693359375,"z":14.081790924072266},"rotation":{"x":0.14682447910308839,"y":-0.30822908878326418,"z":0.048162396997213367,"w":0.9386787414550781},"size":30.435285568237306,"orthographic":true}